kmeans_cluster,avg_recency,avg_frequency,avg_monetary,avg_items,avg_sentiment,total_revenue,customer_count,revenue_share
0,302.2669730468265,1.0,291.4958382809589,1.3202831946342068,-0.005321612222084212,11734164.97,40255,0.7329788683451611
1,283.16914473017266,1.0,72.22497127699118,1.018433413307201,0.002374360490656575,4274707.15,59186,0.26702113165483893
